Metric,Zero-Shot,Few-Shot (random),Few-Shot (random_equal),Few-Shot (simcse),Few-Shot (simcse_equal)
Accuracy,0.8408710217755444,0.8644400785854617,0.8882235528942116,0.8539325842696629,0.8891213389121339
Macro-Precision,0.9043137254901961,0.7108384135659729,0.8131225499646552,0.7107863955690042,0.7736238225499762
Macro-Recall,0.5913964216710861,0.6971669528644666,0.7211135837650687,0.7023603221976188,0.6991400354688014
Macro-F1,0.6011772309086377,0.7008480987628848,0.7469071271748176,0.7046573002508122,0.71578648145914
Time (seconds),409.2226,471.9629,475.6764,473.3432,476.6938
