Metric,Zero-Shot,Few-Shot (random),Few-Shot (random_equal),Few-Shot (simcse),Few-Shot (simcse_equal)
Accuracy,0.7363945578231292,0.7783882783882784,0.8333333333333334,0.8121546961325967,0.8311688311688312
Macro-Precision,0.817785851009805,0.6872078615254794,0.7788245652652432,0.763076821232521,0.7972063678585418
Macro-Recall,0.6525900900900901,0.6866129785247432,0.731951871657754,0.7290025448511773,0.7297022512708787
Macro-F1,0.5668617884283393,0.6475209966063625,0.7194112722568007,0.7045350303864235,0.7090699926134435
Time (seconds),682.4884,375.1737,370.4994,373.301,368.1665
