Metric,Zero-Shot,Few-Shot (random),Few-Shot (random_equal),Few-Shot (simcse),Few-Shot (simcse_equal)
Accuracy,0.8880866425992779,0.8653136531365314,0.8656429942418427,0.8545454545454545,0.8754940711462451
Macro-Precision,0.8007359924026591,0.6847631080090869,0.7014118393088662,0.6831708583991688,0.717159458664313
Macro-Recall,0.6670359777051379,0.6900738825968248,0.7484912776991984,0.7095239276547325,0.7422630450647691
Macro-F1,0.68665264584619,0.6863444408957026,0.7150862334736159,0.6929708772329389,0.7271342825828242
Time (seconds),590.1896,411.882,414.5094,407.6506,402.9971
