Metric,Zero-Shot,Few-Shot (random),Few-Shot (random_equal),Few-Shot (simcse),Few-Shot (simcse_equal)
Accuracy,0.7363945578231292,0.7774086378737541,0.7986348122866894,0.7875210792580101,0.8021201413427562
Macro-Precision,0.817785851009805,0.741004372006535,0.7825321629054255,0.7447097951905645,0.759618511569731
Macro-Recall,0.6525900900900901,0.7297916319821679,0.741189201414194,0.7385425429700011,0.731967382437602
Macro-F1,0.5668617884283393,0.7026284950077942,0.7141241474574808,0.7156875462251806,0.7098719826556196
Time (seconds),665.1689,450.9052,458.88,452.2702,438.8601
