Metric,Zero-Shot,Few-Shot (random),Few-Shot (random_equal),Few-Shot (simcse),Few-Shot (simcse_equal)
Accuracy,0.7508928571428571,0.7875,0.7899910634495085,0.7964285714285714,0.7853309481216458
Macro-Precision,0.6508878272632318,0.649972592981425,0.6687621832358674,0.6723661310440971,0.6448328421553101
Macro-Recall,0.549123495552067,0.6399790685504971,0.6273417059131345,0.6507718472004186,0.6160400718574502
Macro-F1,0.5173740861354155,0.6158042846515736,0.6104764049379611,0.6174363184452871,0.5902651168793841
Time (seconds),381.9459,547.8582,612.2392,604.869,635.1568
