Metric,3-Shot (random_equal),3-Shot (simcse_equal),6-Shot (random_equal),6-Shot (simcse_equal)
Accuracy,0.8429203539823009,0.8348623853211009,0.7742504409171076,0.7710196779964222
Macro-Precision,0.7890301917008148,0.7146269099540127,0.7162857267857924,0.6996491228070175
Macro-Recall,0.6704221227065736,0.661765098164746,0.6570286337480225,0.6581396162390023
Macro-F1,0.6547225970428437,0.6335261823721551,0.6163830032326112,0.6139098021425311
Time (seconds),530.8795,538.6258,616.2727,617.4212
