Metric,3-Shot (random_equal),3-Shot (simcse_equal),6-Shot (random_equal),6-Shot (simcse_equal)
Accuracy,0.8547418967587035,0.8669201520912547,0.8267716535433071,0.8305252725470763
Macro-Precision,0.6431819540968952,0.6650913701704989,0.6644795363065331,0.6739011965406942
Macro-Recall,0.658397515667216,0.6555301650383618,0.6680233245807017,0.6632843131267482
Macro-F1,0.6344508843484313,0.6393590990790013,0.6437578220919188,0.6421156047505162
Time (seconds),931.4677,941.0151,1072.1995,1075.2276
