Metric,3-Shot (random_equal),3-Shot (simcse_equal),6-Shot (random_equal),6-Shot (simcse_equal)
Accuracy,0.8559463986599665,0.8439597315436241,0.8624161073825504,0.8442211055276382
Macro-Precision,0.7366521301943297,0.7137555405303884,0.7191677432515129,0.7278208037603622
Macro-Recall,0.6784716728059504,0.6349138169790344,0.6630857596505717,0.6288739780549116
Macro-F1,0.6999031854765073,0.6570749733635416,0.6810128404434868,0.6513783800740323
Time (seconds),322.7262,335.0488,452.8558,458.138
