Metric,3-Shot (random_equal),3-Shot (simcse_equal),6-Shot (random_equal),6-Shot (simcse_equal)
Accuracy,0.8815384615384615,0.8953846153846153,0.8953846153846153,0.9030769230769231
Macro-Precision,0.6878050904994923,0.7464133462957799,0.731130339825992,0.7380861608844834
Macro-Recall,0.6493788819875776,0.6414740050609615,0.6962752089563683,0.6440931485315543
Macro-F1,0.6662966487576402,0.673032853923247,0.7108979681225606,0.6703028343754673
Time (seconds),342.2971,369.3206,546.477,517.7507
