Metric,3-Shot (random_equal),3-Shot (simcse_equal),6-Shot (random_equal),6-Shot (simcse_equal)
Accuracy,0.7803571428571429,0.7889087656529516,0.7821428571428571,0.7942754919499105
Macro-Precision,0.6420889690150701,0.6892817074336296,0.6383475219886172,0.696886764813594
Macro-Recall,0.6040031397174254,0.6094352875351107,0.607404500261643,0.6181013431013431
Macro-F1,0.58686396328713,0.587717716928703,0.5907509334862708,0.596011101110111
Time (seconds),567.187,607.5334,843.2,863.0186
