Metric,3-Shot (random_equal),3-Shot (simcse_equal),6-Shot (random_equal),6-Shot (simcse_equal)
Accuracy,0.92,0.9226305609284333,0.9098228663446055,0.919093851132686
Macro-Precision,0.7543416622363991,0.7938249336870026,0.730088810666165,0.7796145883102406
Macro-Recall,0.7705457786979526,0.7662974771318543,0.7680120111250585,0.7673366323475378
Macro-F1,0.7594692197866801,0.7722177552806356,0.7472407145319494,0.7691752327480859
Time (seconds),535.9278,546.6995,622.847,625.1246
