Metric,3-Shot (random_equal),3-Shot (simcse_equal),6-Shot (random_equal),6-Shot (simcse_equal)
Accuracy,0.9225806451612903,0.9272727272727272,0.9191290824261276,0.9225908372827805
Macro-Precision,0.8064053768751757,0.7912087912087912,0.8039818404745335,0.7905379510850583
Macro-Recall,0.7136070413026016,0.714762593395999,0.7241355537341748,0.700524387892809
Macro-F1,0.7215610823453961,0.7272428487686643,0.740542210359826,0.7137436939051005
Time (seconds),544.6675,549.1185,630.1525,621.0319
