Metric,3-Shot (random_equal),3-Shot (simcse_equal),6-Shot (random_equal),6-Shot (simcse_equal)
Accuracy,0.8862815884476535,0.8783542039355993,0.8915254237288136,0.8818493150684932
Macro-Precision,0.7600291268409306,0.7573576074884976,0.8095499271969859,0.7761618652707761
Macro-Recall,0.7058859454692789,0.6876917495854062,0.7377449803192379,0.7020911970150548
Macro-F1,0.7225439811253013,0.7084459241185614,0.7626060672232501,0.723546758634478
Time (seconds),493.387,501.4265,569.3821,565.7795
