Metric,3-Shot (random_equal),3-Shot (simcse_equal),6-Shot (random_equal),6-Shot (simcse_equal)
Accuracy,0.9276018099547512,0.9386363636363636,0.9135338345864662,0.930635838150289
Macro-Precision,0.7767523920137159,0.8090020030635089,0.7629733926051868,0.8020903196959536
Macro-Recall,0.8495716163447793,0.8663317609478884,0.8163857566584665,0.8268445675051397
Macro-F1,0.8069930189006086,0.834379250732955,0.7860895699932368,0.8128699121065533
Time (seconds),362.1328,358.0245,435.6555,429.2985
