Metric,3-Shot (random_equal),3-Shot (simcse_equal),6-Shot (random_equal),6-Shot (simcse_equal)
Accuracy,0.8303747534516766,0.8316221765913757,0.7915194346289752,0.7993019197207679
Macro-Precision,0.8300460223537147,0.842075236095762,0.7502588910518216,0.7822322604931301
Macro-Recall,0.7442534467631899,0.7400399165105048,0.7040944963655243,0.7260215794306704
Macro-F1,0.7386336448138384,0.7301528525737054,0.6756669594745954,0.7028929822720026
Time (seconds),375.7266,369.772,452.7725,440.3998
