Metric,3-Shot (random_equal),3-Shot (simcse_equal),6-Shot (random_equal),6-Shot (simcse_equal)
Accuracy,0.8409475465313029,0.8249158249158249,0.8164983164983165,0.8330522765598651
Macro-Precision,0.7003279131623374,0.6692537797000205,0.6700803127950826,0.670460704607046
Macro-Recall,0.6844457249779032,0.6565917081160983,0.6830947344611734,0.6672066190358873
Macro-F1,0.6904238502262195,0.6604560031390664,0.6693039780519122,0.6665752532257386
Time (seconds),296.9649,303.4022,378.4969,385.4691
