Metric,3-Shot (random_equal),3-Shot (simcse_equal),6-Shot (random_equal),6-Shot (simcse_equal)
Accuracy,0.8299120234604106,0.8247011952191236,0.8087035358114234,0.8238007380073801
Macro-Precision,0.668283820223427,0.6440637421510628,0.6663069754747144,0.740981426671814
Macro-Recall,0.6444826636534873,0.6434189438777436,0.6523298257653917,0.6617725815724603
Macro-F1,0.6031666721525514,0.6154003724394786,0.6100841029690673,0.6203354618498221
Time (seconds),957.088,960.3524,1112.109,1086.8613
