Metric,3-Shot (random_equal),3-Shot (simcse_equal),6-Shot (random_equal),6-Shot (simcse_equal)
Accuracy,0.6943573667711599,0.6875981161695447,0.7037617554858934,0.6943573667711599
Macro-Precision,0.6625305188985382,0.6476748370163407,0.706060606060606,0.6703571556181697
Macro-Recall,0.6042957701417689,0.5946104187031606,0.6182941205816516,0.6052906396229908
Macro-F1,0.553080355475565,0.5470831508782174,0.5656633814528551,0.5547542231756477
Time (seconds),330.8578,362.0445,529.7295,511.7965
