Metric,3-Shot (random_equal),3-Shot (simcse_equal),6-Shot (random_equal),6-Shot (simcse_equal)
Accuracy,0.8680089485458613,0.8531468531468531,0.8158844765342961,0.8136531365313653
Macro-Precision,0.7995831507511152,0.7899115533443893,0.7869307045543635,0.7733066692680389
Macro-Recall,0.7501769660932965,0.7434057131546415,0.7491465842340638,0.7409516438154209
Macro-F1,0.7512855607328771,0.7443853562710623,0.7369546140212785,0.7273548984665735
Time (seconds),374.5722,362.478,462.991,448.2298
