Metric,3-Shot (random_equal),3-Shot (simcse_equal),6-Shot (random_equal),6-Shot (simcse_equal)
Accuracy,0.9155844155844156,0.899103139013453,0.909853249475891,0.9047619047619048
Macro-Precision,0.8262862688307285,0.6825892217079871,0.725030525030525,0.7530690163448289
Macro-Recall,0.7744494584837546,0.6702426668292122,0.7055824589722896,0.7152880902880904
Macro-F1,0.7933837514560406,0.6725526289669111,0.7132643586682584,0.7270090702642068
Time (seconds),352.1108,352.8981,422.9221,410.5471
