Metric,3-Shot (random_equal),3-Shot (simcse_equal),6-Shot (random_equal),6-Shot (simcse_equal)
Accuracy,0.7942497753818508,0.7879604672057502,0.7797672336615935,0.7874439461883408
Macro-Precision,0.6724121953479751,0.6676275978663245,0.6389889608155862,0.6655144820056319
Macro-Recall,0.6365934255138801,0.6260568020784244,0.6221106715775832,0.6370166833908094
Macro-F1,0.6221341274813647,0.617045302032094,0.6049268161754847,0.627298650648218
Time (seconds),551.2169,552.8783,682.3132,719.4317
