Metric,3-Shot (random_equal),3-Shot (simcse_equal),6-Shot (random_equal),6-Shot (simcse_equal)
Accuracy,0.8667563930013459,0.8490284005979073,0.8396946564885496,0.8406976744186047
Macro-Precision,0.7472325375773652,0.7234151577753473,0.7215935354142157,0.7272738420377904
Macro-Recall,0.7465362739793798,0.7166977208664415,0.7434332314681075,0.7248183469391188
Macro-F1,0.7398657430636314,0.7094932419295708,0.7282254607170722,0.7151991897612446
Time (seconds),630.9555,621.5823,757.3428,754.7251
