Metric,3-Shot (random_equal),3-Shot (simcse_equal),6-Shot (random_equal),6-Shot (simcse_equal)
Accuracy,0.8783505154639175,0.8857758620689655,0.8790613718411552,0.872072072072072
Macro-Precision,0.7468613258086942,0.78346687211094,0.7465892642484112,0.7374694961850925
Macro-Recall,0.7084289753825682,0.6983135126909955,0.724981696869247,0.7242489612028994
Macro-F1,0.7207379472489074,0.716602598495995,0.7337249135636358,0.7300181713424633
Time (seconds),491.8998,498.8712,569.5864,570.8033
