Metric,3-Shot (random_equal),3-Shot (simcse_equal),6-Shot (random_equal),6-Shot (simcse_equal)
Accuracy,0.8648648648648649,0.8760233918128655,0.8336538461538462,0.8517034068136272
Macro-Precision,0.6851971963219642,0.7831544715447154,0.716258091115234,0.7537049554055346
Macro-Recall,0.6720120877630035,0.696843451770988,0.6868487490249149,0.6899911071562203
Macro-F1,0.6482133010466454,0.6847335882527856,0.6691446802042306,0.6730852933896916
Time (seconds),635.3595,633.8381,788.742,763.8906
