Metric,3-Shot (random_equal),3-Shot (simcse_equal),6-Shot (random_equal),6-Shot (simcse_equal)
Accuracy,0.7111459968602826,0.700626959247649,0.7001569858712716,0.699685534591195
Macro-Precision,0.7353835416257715,0.6458442324624517,0.6634106429295641,0.6264484210950567
Macro-Recall,0.6228260426849137,0.6141750554552974,0.6126265442417921,0.6158044467787115
Macro-F1,0.5888711523182669,0.5732620781881866,0.57235084682805,0.5643431529915337
Time (seconds),321.9647,316.7915,431.4057,438.8775
