Metric,3-Shot (random_equal),3-Shot (simcse_equal),6-Shot (random_equal),6-Shot (simcse_equal)
Accuracy,0.9461966604823747,0.9364161849710982,0.9332191780821918,0.9283216783216783
Macro-Precision,0.8429316051410901,0.7745790698933464,0.7810855810855811,0.7526675141456777
Macro-Recall,0.7870248110169448,0.7514393218187587,0.748446740025451,0.7220924195223262
Macro-F1,0.8034382699406556,0.7559383386382076,0.7556391766751259,0.7249391724813589
Time (seconds),362.0783,360.88,441.852,428.6848
