Metric,3-Shot (random_equal),3-Shot (simcse_equal),6-Shot (random_equal),6-Shot (simcse_equal)
Accuracy,0.8669833729216152,0.8891752577319587,0.8574380165289256,0.8513238289205702
Macro-Precision,0.7073158323158323,0.7504397748352843,0.6948061965397625,0.6910848670059879
Macro-Recall,0.7479021765459013,0.7712016878625851,0.7329407748762587,0.7278248393965147
Macro-F1,0.7180188283264376,0.7590945712641473,0.7041018402179926,0.701431299853949
Time (seconds),334.372,328.965,397.0401,394.6697
