Metric,3-Shot (random_equal),3-Shot (simcse_equal),6-Shot (random_equal),6-Shot (simcse_equal)
Accuracy,0.7835051546391752,0.7731239092495636,0.7400950871632329,0.7423014586709886
Macro-Precision,0.7560289881718454,0.7303501527950385,0.7079618995427852,0.7063860435445376
Macro-Recall,0.6927469399592443,0.6748202024651558,0.674785693515121,0.6702535762575131
Macro-F1,0.677001169006613,0.6481363697576298,0.6466723703208476,0.6305633017467751
Time (seconds),554.5142,546.4414,634.1368,617.0339
