Metric,3-Shot (random_equal),3-Shot (simcse_equal),6-Shot (random_equal),6-Shot (simcse_equal)
Accuracy,0.8911353032659409,0.8987538940809969,0.8990683229813664,0.9066874027993779
Macro-Precision,0.719579199866821,0.7264429671837079,0.7186372396018066,0.7412385874740064
Macro-Recall,0.6977585088884671,0.7345708597616994,0.7339075401316064,0.7511767445281358
Macro-F1,0.7080695639270952,0.7272806897526429,0.7247398292174411,0.7447761213153213
Time (seconds),327.6739,325.8833,425.4436,429.5295
